{
    "sales_W_lead1_scaled_metrics": {
        "mse": 0.0569697730243206,
        "mae": 0.12248394638299942,
        "r2": 0.9026933908462524,
        "wmape": 31.02845549583435,
        "smape": 47.82071013275037
    },
    "sales_W_lead1_original_metrics": {
        "mse": 155.4995574951172,
        "mae": 6.399138450622559,
        "r2": 0.9026933908462524,
        "wmape": 28.58302593231201,
        "smape": 39.11557766971037,
        "rmsse": 0.8351577203125262
    },
    "sales_W_lead2_scaled_metrics": {
        "mse": 0.10704588145017624,
        "mae": 0.15758419036865234,
        "r2": 0.7661514282226562,
        "wmape": 40.746280550956726,
        "smape": 55.08616983601006
    },
    "sales_W_lead2_original_metrics": {
        "mse": 291.28070068359375,
        "mae": 8.220221519470215,
        "r2": 0.7661514282226562,
        "wmape": 43.899449706077576,
        "smape": 53.19436225943529,
        "rmsse": 1.004103502831795
    },
    "sales_W_growth_4w_1p_lead1_scaled_metrics": {
        "mse": 0.27161911129951477,
        "mae": 0.33682453632354736,
        "r2": 0.35735344886779785,
        "wmape": 77.38052606582642,
        "smape": 111.74641887355882
    },
    "sales_W_growth_4w_1p_lead1_original_metrics": {
        "mse": 0.020616577938199043,
        "mae": 0.09279656410217285,
        "r2": 0.3573535084724426,
        "wmape": 78.34849953651428,
        "smape": 116.23979444543062,
        "rmsse": 0.022226653534947485
    },
    "sales_W_growth_4w_1p_lead2_scaled_metrics": {
        "mse": 0.3401212990283966,
        "mae": 0.4375939667224884,
        "r2": 0.2898845076560974,
        "wmape": 81.61791563034058,
        "smape": 118.49424281371643
    },
    "sales_W_growth_4w_1p_lead2_original_metrics": {
        "mse": 0.019939830526709557,
        "mae": 0.10595344752073288,
        "r2": 0.2898845672607422,
        "wmape": 84.29780602455139,
        "smape": 125.27316946962934,
        "rmsse": 0.023822811398440506
    },
    "smoothed_sales_W_growth_4w_1p_lead1_scaled_metrics": {
        "mse": 0.2022002935409546,
        "mae": 0.31464633345603943,
        "r2": 0.5681382417678833,
        "wmape": 63.180869817733765,
        "smape": 94.97364146739203
    },
    "smoothed_sales_W_growth_4w_1p_lead1_original_metrics": {
        "mse": 0.0028127192053943872,
        "mae": 0.0371103435754776,
        "r2": 0.5681382417678833,
        "wmape": 63.38176727294922,
        "smape": 96.30714704248308,
        "rmsse": 0.008701648499160325
    },
    "smoothed_sales_W_growth_4w_1p_lead2_scaled_metrics": {
        "mse": 0.3772309124469757,
        "mae": 0.4658529460430145,
        "r2": 0.34591686725616455,
        "wmape": 80.27368783950806,
        "smape": 116.91460160497367
    },
    "smoothed_sales_W_growth_4w_1p_lead2_original_metrics": {
        "mse": 0.00420877430588007,
        "mae": 0.049206558614969254,
        "r2": 0.3459168076515198,
        "wmape": 81.48134350776672,
        "smape": 119.41973284635148,
        "rmsse": 0.01068824857244528
    },
    "overall_mean_rmsse_per_target": 0.3174500975248858,
    "overall_wrmsse": 1.0924782444260521
}